experiment,x,scheme,phase,mean_ms,runs,n,l,t,budget_B,voters_m,go_version,goos,goarch,note
score_domain_generation,6,PVote,Share,14.326408,5,10,5,7,63,1,go1.25.4,darwin,amd64,one BN254 backend; B=2^kappa-1; PriScore ballots satisfy sum scores=B; 3PVSS-bit runs kappa native binary instances
score_domain_generation,6,PriScore,Commit+Vote,925.103758,5,10,5,7,63,1,go1.25.4,darwin,amd64,one BN254 backend; B=2^kappa-1; PriScore ballots satisfy sum scores=B; 3PVSS-bit runs kappa native binary instances
score_domain_generation,6,3PVSS-bit,kappa Share,35.643017,5,10,5,7,63,1,go1.25.4,darwin,amd64,one BN254 backend; B=2^kappa-1; PriScore ballots satisfy sum scores=B; 3PVSS-bit runs kappa native binary instances
score_domain_verification,6,PVote,DVerify,47.280625,5,10,5,7,63,1,go1.25.4,darwin,amd64,one BN254 backend; B=2^kappa-1; PriScore ballots satisfy sum scores=B; 3PVSS-bit runs kappa native binary instances
score_domain_verification,6,PriScore,VerifyVote,928.438808,5,10,5,7,63,1,go1.25.4,darwin,amd64,one BN254 backend; B=2^kappa-1; PriScore ballots satisfy sum scores=B; 3PVSS-bit runs kappa native binary instances
score_domain_verification,6,3PVSS-bit,kappa Verify,46.093858,5,10,5,7,63,1,go1.25.4,darwin,amd64,one BN254 backend; B=2^kappa-1; PriScore ballots satisfy sum scores=B; 3PVSS-bit runs kappa native binary instances
score_domain_ballot_kib,6,PVote,serialized ballot,5.343750,1,10,5,7,63,1,go1.25.4,darwin,amd64,one BN254 backend; B=2^kappa-1; PriScore ballots satisfy sum scores=B; 3PVSS-bit runs kappa native binary instances
score_domain_ballot_kib,6,PriScore,serialized commit+ballot,71.593750,1,10,5,7,63,1,go1.25.4,darwin,amd64,one BN254 backend; B=2^kappa-1; PriScore ballots satisfy sum scores=B; 3PVSS-bit runs kappa native binary instances
score_domain_ballot_kib,6,3PVSS-bit,paper-accounted ballot,18.375000,1,10,5,7,63,1,go1.25.4,darwin,amd64,one BN254 backend; B=2^kappa-1; PriScore ballots satisfy sum scores=B; 3PVSS-bit runs kappa native binary instances
