n,l,t,runs,setup_runs,go_version,goos,goarch,setup_mean_ms,setup_std_ms,share_mean_ms,share_std_ms,dverify_mean_ms,dverify_std_ms,transcript_kib,decrypt_mean_ms,decrypt_std_ms,pverify_mean_ms,pverify_std_ms,recon_mean_ms,recon_std_ms
10,1,5,20,5,go1.25.4,darwin,amd64,18.909000,0.848184,6.753363,0.352942,16.525821,0.386289,3.343750,1.203762,0.085311,1.338625,0.135973,2.407498,0.136896
20,1,10,20,5,go1.25.4,darwin,amd64,21.496675,0.483211,11.331219,0.340063,24.186988,0.632028,6.156250,1.915398,0.120499,2.118586,0.251691,4.011639,0.362761
30,1,15,20,5,go1.25.4,darwin,amd64,23.121450,0.414447,15.990004,0.537050,32.008785,0.834271,8.968750,2.600540,0.149320,2.825910,0.257442,5.625077,0.369304
40,1,20,20,5,go1.25.4,darwin,amd64,25.923942,0.468252,22.074150,4.600041,39.674483,0.814471,11.781250,3.440854,0.372019,3.687935,0.456104,7.271758,0.329704
50,1,25,20,5,go1.25.4,darwin,amd64,27.084775,0.793904,25.450108,0.720149,48.024017,0.916629,14.593750,4.199123,0.340105,4.341235,0.376826,9.728792,3.495664
60,1,30,20,5,go1.25.4,darwin,amd64,28.833917,0.407738,30.683021,0.780639,56.397273,1.120839,17.406250,4.987660,0.594048,5.231983,0.505137,10.843056,0.337892
70,1,35,20,5,go1.25.4,darwin,amd64,29.996942,0.535087,36.363619,4.698424,76.347996,14.943748,20.218750,5.976040,0.415206,5.974423,0.308173,13.019921,0.605683
80,1,40,20,5,go1.25.4,darwin,amd64,32.858742,0.300282,40.656160,0.776759,76.770408,6.438192,23.031250,6.700413,0.542567,6.806827,0.479177,14.937192,0.563424
90,1,45,20,5,go1.25.4,darwin,amd64,34.909700,0.691278,46.704233,1.021657,86.968138,3.080183,25.843750,7.480248,0.497872,7.798144,0.465062,17.325044,0.791244
100,1,50,20,5,go1.25.4,darwin,amd64,38.107867,1.478513,53.489394,5.339712,94.479569,1.739059,28.656250,8.423600,0.433983,8.229473,0.399200,19.094800,0.723732
