n,l,t,chain_id,client,go_version,deployment_gas,submit_rb_gas,decryption_share_mean_gas,decryption_share_std_gas,reconstruct_estimated_gas
10,1,5,1337,ganache-v7.9.2,go1.25.4,5547516,1342717,179822,15293.367,140845
20,1,10,1337,ganache-v7.9.2,go1.25.4,6057103,2471976,176401,10814.572,310687
30,1,15,1337,ganache-v7.9.2,go1.25.4,6566687,3846143,175257,8834.634,545918
40,1,20,1337,ganache-v7.9.2,go1.25.4,7076217,5502090,174691,7644.252,846538
50,1,25,1337,ganache-v7.9.2,go1.25.4,7585946,7487866,174343,6838.619,1212548
60,1,30,1337,ganache-v7.9.2,go1.25.4,8095467,9863926,174120,6246.398,1643946
70,1,35,1337,ganache-v7.9.2,go1.25.4,8605150,12701864,173958,5780.685,2140734
80,1,40,1337,ganache-v7.9.2,go1.25.4,9115009,16085549,173832,5407.952,2702910
90,1,45,1337,ganache-v7.9.2,go1.25.4,9624695,20109952,173741,5099.953,3330476
100,1,50,1337,ganache-v7.9.2,go1.25.4,10134400,24882355,173663,4836.831,4023431
30,10,20,1337,ganache-v7.9.2,go1.25.4,6611342,7388818,174692,7641.142,7146764
40,10,25,1337,ganache-v7.9.2,go1.25.4,7120949,9245862,174348,6842.511,10553275
50,10,30,1337,ganache-v7.9.2,go1.25.4,7630635,11450774,174118,6239.966,14617193
60,10,35,1337,ganache-v7.9.2,go1.25.4,8140293,14065600,173957,5778.775,19338518
70,10,40,1337,ganache-v7.9.2,go1.25.4,8649873,17164681,173832,5409.897,24717248
80,10,45,1337,ganache-v7.9.2,go1.25.4,9159497,20833621,173737,5100.525,30753447
90,10,50,1337,ganache-v7.9.2,go1.25.4,9669224,25169432,173664,4838.288,37447076
100,10,55,1337,ganache-v7.9.2,go1.25.4,10178862,30280914,173598,4613.760,44798111
60,19,39,1337,ganache-v7.9.2,go1.25.4,8184808,18501470,173856,5472.599,44796273
70,19,44,1337,ganache-v7.9.2,go1.25.4,8694597,21873627,173757,5154.086,56044993
80,19,49,1337,ganache-v7.9.2,go1.25.4,9204322,25840670,173676,4887.767,68549463
90,19,54,1337,ganache-v7.9.2,go1.25.4,9713826,30501624,173611,4654.420,82309686
100,19,59,1337,ganache-v7.9.2,go1.25.4,10223709,35968503,173559,4451.020,97325660
