n,l,accepted_count,chain_id,client,go_version,submit_rb_gas
100,19,1,1337,ganache-v7.9.2,go1.25.4,38465144
100,19,2,1337,ganache-v7.9.2,go1.25.4,34377800
100,19,3,1337,ganache-v7.9.2,go1.25.4,34378124
100,19,4,1337,ganache-v7.9.2,go1.25.4,34378088
100,19,5,1337,ganache-v7.9.2,go1.25.4,34377716
100,19,6,1337,ganache-v7.9.2,go1.25.4,34378196
100,19,7,1337,ganache-v7.9.2,go1.25.4,34377884
100,19,8,1337,ganache-v7.9.2,go1.25.4,34377968
100,19,9,1337,ganache-v7.9.2,go1.25.4,34378100
100,19,10,1337,ganache-v7.9.2,go1.25.4,34377848
50,10,1,1337,ganache-v7.9.2,go1.25.4,12501616
50,10,2,1337,ganache-v7.9.2,go1.25.4,10432492
50,10,3,1337,ganache-v7.9.2,go1.25.4,10432540
50,10,4,1337,ganache-v7.9.2,go1.25.4,10432432
50,10,5,1337,ganache-v7.9.2,go1.25.4,10432504
50,10,6,1337,ganache-v7.9.2,go1.25.4,10432384
50,10,7,1337,ganache-v7.9.2,go1.25.4,10432468
50,10,8,1337,ganache-v7.9.2,go1.25.4,10432336
50,10,9,1337,ganache-v7.9.2,go1.25.4,10432360
50,10,10,1337,ganache-v7.9.2,go1.25.4,10432336
10,5,1,1337,ganache-v7.9.2,go1.25.4,2935243
10,5,2,1337,ganache-v7.9.2,go1.25.4,2405107
10,5,3,1337,ganache-v7.9.2,go1.25.4,2405155
10,5,4,1337,ganache-v7.9.2,go1.25.4,2405131
10,5,5,1337,ganache-v7.9.2,go1.25.4,2405107
10,5,6,1337,ganache-v7.9.2,go1.25.4,2405107
10,5,7,1337,ganache-v7.9.2,go1.25.4,2405167
10,5,8,1337,ganache-v7.9.2,go1.25.4,2405131
10,5,9,1337,ganache-v7.9.2,go1.25.4,2405095
10,5,10,1337,ganache-v7.9.2,go1.25.4,2405131
